{
  "version": 1,
  "author": "An Nguyễn",
  "editor": "wokwi",
  "parts": [
    { "type": "board-esp32-devkit-c-v4", "id": "esp", "top": 0, "left": 0, "attrs": {} },
    { "type": "wokwi-led", "id": "led1", "top": 15.6, "left": 176.6, "attrs": { "color": "red" } }
  ],
  "connections": [
    [ "esp:TX", "$serialMonitor:RX", "", [] ],
    [ "esp:RX", "$serialMonitor:TX", "", [] ],
    [ "esp:GND.2", "led1:C", "limegreen", [ "h43.24", "v28.8" ] ],
    [ "led1:A", "esp:5", "green", [ "v0" ] ]
  ],
  "dependencies": {}
}